{
    "epoch": 3.0,
    "eval_accuracy": 0.8355263157894737,
    "eval_loss": 0.8644006848335266,
    "eval_runtime": 0.6038,
    "eval_samples_per_second": 251.76,
    "eval_steps_per_second": 8.282,
    "total_flos": 4.1233762934784e+16,
    "train_loss": 1.886785651698257,
    "train_runtime": 54.007,
    "train_samples_per_second": 75.546,
    "train_steps_per_second": 0.611
}