{
    "epoch": 3.0,
    "eval_accuracy": 0.8355263157894737,
    "eval_loss": 0.8644006848335266,
    "eval_runtime": 0.6038,
    "eval_samples_per_second": 251.76,
    "eval_steps_per_second": 8.282
}