{
    "epoch": 3.0,
    "total_flos": 4.1233762934784e+16,
    "train_loss": 1.886785651698257,
    "train_runtime": 54.007,
    "train_samples_per_second": 75.546,
    "train_steps_per_second": 0.611
}